Date,USD,EUR,PLN,USD_return,EUR_return,PLN_return
2023-01-01,36.5686,38.951,8.2984,0.0,0.0,0.0
2023-01-02,36.5686,39.037,8.3336,0.0,0.002207902236142756,0.0042417815482502785
2023-01-03,36.5686,39.0041,8.3469,0.0,-0.0008427901734251453,0.0015959489296342166
2023-01-04,36.5686,38.5378,8.2284,0.0,-0.011955153432587906,-0.014196887467203267
2023-01-05,36.5686,38.7901,8.3173,0.0,0.006546818967351653,0.010804044528705425
2023-01-06,36.5686,38.7773,8.3071,0.0,-0.0003299811034259692,-0.001226359515708153
2023-01-07,36.5686,38.7773,8.3071,0.0,0.0,0.0
2023-01-08,36.5686,38.7773,8.3071,0.0,0.0,0.0
2023-01-09,36.5686,38.3733,8.171,0.0,-0.010418466473942178,-0.016383575495660385
2023-01-10,36.5686,39.0827,8.3249,0.0,0.018486812445111633,0.018834903928527824
2023-01-11,36.5686,39.1961,8.3488,0.0,0.002901539555864918,0.0028709053562205877
2023-01-12,36.5686,39.2728,8.3879,0.0,0.001956827337413536,0.004683307780758872
2023-01-13,36.5686,39.357,8.3908,0.0,0.002143977511152917,0.00034573611988708564
2023-01-14,36.5686,39.357,8.3908,0.0,0.0,0.0
2023-01-15,36.5686,39.357,8.3908,0.0,0.0,0.0
2023-01-16,36.5686,39.5361,8.4318,0.0,0.004550651726503485,0.004886304047289958
2023-01-17,36.5686,39.5581,8.43,0.0,0.0005564534691080425,-0.0002134775492779184
2023-01-18,36.5686,39.6897,8.4538,0.0,0.0033267522959898876,0.0028232502965599426
2023-01-19,36.5686,39.5873,8.4228,0.0,-0.002580014462190472,-0.0036669899926659033
2023-01-20,36.5686,39.5215,8.3971,0.0,-0.0016621492246249314,-0.0030512418673125374
2023-01-21,36.5686,39.5215,8.3971,0.0,0.0,0.0
2023-01-22,36.5686,39.5215,8.3971,0.0,0.0,0.0
2023-01-23,36.5686,39.5581,8.3998,0.0,0.0009260782105942056,0.00032153957914049514
2023-01-24,36.5686,39.7519,8.4324,0.0,0.004899123062027666,0.0038810447867805298
2023-01-25,36.5686,39.7226,8.4292,0.0,-0.0007370716871394345,-0.00037948863905878927
2023-01-26,36.5686,39.7629,8.4322,0.0,0.0010145358058133436,0.0003559056612727485
2023-01-27,36.5686,39.8433,8.4407,0.0,0.0020219853179721525,0.0010080406062473735
2023-01-28,36.5686,39.8433,8.4407,0.0,0.0,0.0
2023-01-29,36.5686,39.8433,8.4407,0.0,0.0,0.0
2023-01-30,36.5686,39.7482,8.4435,0.0,-0.0023868504867819995,0.00033172604167908126
2023-01-31,36.5686,39.8762,8.4667,0.0,0.0032202716097835538,0.002747675726890497
2023-02-01,36.5686,39.5947,8.4052,0.0,-0.007059348684177347,-0.007263750930114332
2023-02-02,36.5686,39.8323,8.4612,0.0,0.006000803137793609,0.006662542235758684
2023-02-03,36.5686,40.1724,8.5397,0.0,0.008538296809373458,0.009277643833025984
2023-02-04,36.5686,40.1724,8.5397,0.0,0.0,0.0
2023-02-05,36.5686,40.1724,8.5397,0.0,0.0,0.0
2023-02-06,36.5686,39.9859,8.5251,0.0,-0.0046424908643746265,-0.0017096619319179052
2023-02-07,36.5686,39.4045,8.3467,0.0,-0.014540125394201464,-0.020926440745563046
2023-02-08,36.5686,39.1485,8.2302,0.0,-0.006496719917775895,-0.013957611990367491
2023-02-09,36.5686,39.2564,8.2884,0.0,0.0027561720116990873,0.007071517095574853
2023-02-10,36.5686,39.3826,8.3101,0.0,0.0032147624336413827,0.0026181168862506876
2023-02-11,36.5686,39.3826,8.3101,0.0,0.0,0.0
2023-02-12,36.5686,39.3826,8.3101,0.0,0.0,0.0
2023-02-13,36.5686,39.0644,8.1639,0.0,-0.008079710328926959,-0.017593049421787965
2023-02-14,36.5686,39.0973,8.1654,0.0,0.0008421990354388065,0.00018373571454821658
2023-02-15,36.5686,39.3405,8.2589,0.0,0.006220378389300674,0.011450755627403497
2023-02-16,36.5686,39.1229,8.2127,0.0,-0.005531195587244575,-0.005593965298042236
2023-02-17,36.5686,39.1046,8.1868,0.0,-0.00046775673582488686,-0.0031536522702643177
2023-02-18,36.5686,39.1046,8.1868,0.0,0.0,0.0
2023-02-19,36.5686,39.1046,8.1868,0.0,0.0,0.0
2023-02-20,36.5686,38.8377,8.1274,0.0,-0.006825283981935604,-0.007255582156642459
2023-02-21,36.5686,39.0242,8.2278,0.0,0.004802035135963223,0.012353274109801582
2023-02-22,36.5686,38.984,8.2097,0.0,-0.0010301300218837905,-0.0021998590145604346
2023-02-23,36.5686,38.9328,8.2072,0.0,-0.0013133593269033517,-0.0003045178264734494
2023-02-24,36.5686,38.8231,8.1853,0.0,-0.0028176755845971124,-0.0026683887318452726
2023-02-25,36.5686,38.8231,8.1853,0.0,0.0,0.0
2023-02-26,36.5686,38.8231,8.1853,0.0,0.0,0.0
2023-02-27,36.5686,38.6402,8.1871,0.0,-0.004711112713822296,0.00021990641760227803
2023-02-28,36.5686,38.611,8.1851,0.0,-0.0007556896703434512,-0.00024428674377974247
2023-03-01,36.5686,38.8231,8.2358,0.0,0.005493253217994765,0.006194182111397328
2023-03-02,36.5686,39.0754,8.3541,0.0,0.006498708243288354,0.014364117632774231
2023-03-03,36.5686,38.7847,8.2714,0.0,-0.007439463191675655,-0.009899330867478295
2023-03-04,36.5686,38.7847,8.2714,0.0,0.0,0.0
2023-03-05,36.5686,38.7847,8.2714,0.0,0.0,0.0
2023-03-06,36.5686,38.8048,8.241,0.0,0.0005182455968462119,-0.003675314940638885
2023-03-07,36.5686,38.9126,8.265,0.0,0.002778006844514014,0.0029122679286495146
2023-03-08,36.5686,39.0132,8.3196,0.0,0.0025852808601840582,0.006606170598910888
2023-03-09,36.5686,38.5671,8.2469,0.0,-0.011434591369074987,-0.008738400884657826
2023-03-10,36.5686,38.6201,8.2566,0.0,0.0013742282930269134,0.0011761995416459392
2023-03-11,36.5686,38.6201,8.2566,0.0,0.0,0.0
2023-03-12,36.5686,38.6201,8.2566,0.0,0.0,0.0
2023-03-13,36.5686,38.7426,8.2723,0.0,0.003171923428473722,0.0019015090957534841
2023-03-14,36.5686,39.1046,8.3224,0.0,0.009343719832948683,0.006056356756887427
2023-03-15,36.5686,39.2728,8.3802,0.0,0.004301284247888892,0.006945111986926822
2023-03-16,36.5686,38.6183,8.2178,0.0,-0.01666547839726218,-0.019379012434070808
2023-03-17,36.5686,38.717,8.2456,0.0,0.0025557831390816688,0.003382900532989286
2023-03-18,36.5686,38.717,8.2456,0.0,0.0,0.0
2023-03-19,36.5686,38.717,8.2456,0.0,0.0,0.0
2023-03-20,36.5686,38.8523,8.2564,0.0,0.0034945889402588914,0.001309789463471489
2023-03-21,36.5686,39.1485,8.3216,0.0,0.007623744282835299,0.007896904219756973
2023-03-22,36.5686,39.4228,8.3936,0.0,0.007006654150222946,0.008652182272639752
2023-03-23,36.5686,39.4264,8.4172,0.0,9.131771462200788e-05,0.002811666031261817
2023-03-24,36.5686,39.7665,8.4883,0.0,0.00862619970375178,0.00844698949769529
2023-03-25,36.5686,39.7665,8.4883,0.0,0.0,0.0
2023-03-26,36.5686,39.7665,8.4883,0.0,0.0,0.0
2023-03-27,36.5686,39.3076,8.3827,0.0,-0.011539863955842278,-0.012440653605551244
2023-03-28,36.5686,39.3899,8.4062,0.0,0.0020937426858926855,0.002803392701635543
2023-03-29,36.5686,39.6111,8.4606,0.0,0.005615652743469868,0.006471413956365524
2023-03-30,36.5686,39.6989,8.472,0.0,0.002216550411374696,0.0013474221686404775
2023-03-31,36.5686,39.7812,8.5002,0.0,0.002073105300146816,0.00332861189801692
2023-04-01,36.5686,39.7812,8.5002,0.0,0.0,0.0
2023-04-02,36.5686,39.7812,8.5002,0.0,0.0,0.0
2023-04-03,36.5686,39.7373,8.5039,0.0,-0.0011035363438005596,0.0004352838756735977
2023-04-04,36.5686,39.761,8.5055,0.0,0.0005964169684402609,0.00018814896694463457
2023-04-05,36.5686,39.8653,8.5357,0.0,0.002623173461431927,0.0035506437011345593
2023-04-06,36.5686,40.0152,8.5481,0.0,0.0037601623467025114,0.0014527220966060739
2023-04-07,36.5686,39.9146,8.518,0.0,-0.00251404466302807,-0.0035212503363319936
2023-04-08,36.5686,39.9146,8.518,0.0,0.0,0.0
2023-04-09,36.5686,39.9146,8.518,0.0,0.0,0.0
2023-04-10,36.5686,39.9146,8.5178,0.0,0.0,-2.3479690068217707e-05
2023-04-11,36.5686,39.825,8.5035,0.0,-0.002244792632269843,-0.0016788372584468636
2023-04-12,36.5686,39.8835,8.5421,0.0,0.0014689265536722562,0.004539307344034738
2023-04-13,36.5686,39.9421,8.5647,0.0,0.0014692792758912443,0.002645719436672467
2023-04-14,36.5686,40.2639,8.6896,0.0,0.008056662018271377,0.014583114411479636
2023-04-15,36.5686,40.2639,8.6896,0.0,0.0,0.0
2023-04-16,36.5686,40.2639,8.6896,0.0,0.0,0.0
2023-04-17,36.5686,40.4174,8.7002,0.0,0.0038123480338467797,0.0012198490149144536
2023-04-18,36.5686,40.1432,8.6711,0.0,-0.0067842068020209645,-0.0033447506953865336
2023-04-19,36.5686,40.1066,8.688,0.0,-0.0009117359851731344,0.0019490030099988953
2023-04-20,36.5686,39.9677,8.6426,0.0,-0.0034632703844255097,-0.005225598526703568
2023-04-21,36.5686,40.0664,8.6911,0.0,0.0024694941164991047,0.005611737208710332
2023-04-22,36.5686,40.0664,8.6911,0.0,0.0,0.0
2023-04-23,36.5686,40.0664,8.6911,0.0,0.0,0.0
2023-04-24,36.5686,40.1505,8.7093,0.0,0.002099015634047463,0.002094096259391831
2023-04-25,36.5686,40.2291,8.7324,0.0,0.0019576344005678425,0.0026523371568323295
2023-04-26,36.5686,40.2858,8.7772,0.0,0.0014094275039708837,0.005130319270761907
2023-04-27,36.5686,40.3918,8.7973,0.0,0.0026312000754609155,0.002290024153488446
2023-04-28,36.5686,40.3461,8.7901,0.0,-0.0011314177630113997,-0.0008184329282847624
2023-04-29,36.5686,40.3461,8.7901,0.0,0.0,0.0
2023-04-30,36.5686,40.3461,8.7901,0.0,0.0,0.0
2023-05-01,36.5686,40.1322,8.7577,0.0,-0.005301627666614683,-0.003685964892322091
2023-05-02,36.5686,40.2693,8.7556,0.0,0.0034162094278411548,-0.00023978898569265716
2023-05-03,36.5686,40.1066,8.7638,0.0,-0.00404029868907585,0.0009365434693224817
2023-05-04,36.5686,40.3699,8.8151,0.0,0.006565004263637375,0.005853625139779384
2023-05-05,36.5686,40.4942,8.8253,0.0,0.0030790267005862404,0.0011571054213792564
2023-05-06,36.5686,40.4942,8.8253,0.0,0.0,0.0
2023-05-07,36.5686,40.4942,8.8253,0.0,0.0,0.0
2023-05-08,36.5686,40.2602,8.7929,0.0,-0.005778605331133835,-0.003671263299831251
2023-05-09,36.5686,40.348,8.8304,0.0,0.002180813806190729,0.004264804558222979
2023-05-10,36.5686,40.0883,8.7745,0.0,-0.006436502428868951,-0.006330404058706218
2023-05-11,36.5686,40.0444,8.8351,0.0,-0.0010950826051490115,0.006906376431705663
2023-05-12,36.5686,39.9713,8.8375,0.0,-0.0018254737241663044,0.00027164378445054815
2023-05-13,36.5686,39.9713,8.8375,0.0,0.0,0.0
2023-05-14,36.5686,39.9713,8.8375,0.0,0.0,0.0
2023-05-15,36.5686,39.8287,8.785,0.0,-0.003567559724102054,-0.005940594059405946
2023-05-16,36.5686,39.7702,8.8253,0.0,-0.0014687900935755893,0.004587364826408757
2023-05-17,36.5686,39.8104,8.8677,0.0,0.0010108070867131946,0.00480436925656913
2023-05-18,36.5686,39.5947,8.7969,0.0,-0.005418182183549947,-0.007984031936127622
2023-05-19,36.5686,39.5471,8.7056,0.0,-0.0012021810999958138,-0.010378656117495999
2023-05-20,36.5686,39.5471,8.7056,0.0,0.0,0.0
2023-05-21,36.5686,39.5471,8.7056,0.0,0.0,0.0
2023-05-22,36.5686,39.5179,8.7378,0.0,-0.0007383600820288772,0.0036987686087115446
2023-05-23,36.5686,39.5691,8.7545,0.0,0.0012956154046648294,0.0019112362379547498
2023-05-24,36.5686,39.3972,8.7449,0.0,-0.004344298960552551,-0.0010965789022788774
2023-05-25,36.5686,39.41,8.7642,0.0,0.00032489618551578836,0.002207000651808677
2023-05-26,36.5686,39.2436,8.701,0.0,-0.004222278609489871,-0.007211154469318415
2023-05-27,36.5686,39.2436,8.701,0.0,0.0,0.0
2023-05-28,36.5686,39.2436,8.701,0.0,0.0,0.0
2023-05-29,36.5686,39.3167,8.6684,0.0,0.0018627241129762773,-0.0037466957820940783
2023-05-30,36.5686,39.1759,8.6631,0.0,-0.0035811754292705,-0.0006114161783028482
2023-05-31,36.5686,39.2802,8.6834,0.0,0.0026623510882965995,0.0023432720388776307
2023-06-01,36.5686,39.0553,8.6062,0.0,-0.0057255309290685785,-0.008890526752194039
2023-06-02,36.5686,39.1522,8.6169,0.0,0.002481097315857106,0.0012432897213636718
2023-06-03,36.5686,39.1522,8.6169,0.0,0.0,0.0
2023-06-04,36.5686,39.1522,8.6169,0.0,0.0,0.0
2023-06-05,36.5686,39.346,8.7422,0.0,0.004949913414827201,0.014541192308138884
2023-06-06,36.5686,39.0937,8.7282,0.0,-0.006412341788237685,-0.0016014275582806325
2023-06-07,36.5686,39.0516,8.6934,0.0,-0.0010768998585449774,-0.003987076373135223
2023-06-08,36.5686,39.1851,8.7667,0.0,0.0034185539132838283,0.008431683806105816
2023-06-09,36.5686,39.2619,8.7657,0.0,0.0019599286463476417,-0.00011406800734592437
2023-06-10,36.5686,39.2619,8.7657,0.0,0.0,0.0
2023-06-11,36.5686,39.2619,8.7657,0.0,0.0,0.0
2023-06-12,36.5686,39.4082,8.8326,0.0,0.003726258790328618,0.00763202026078913
2023-06-13,36.5686,39.357,8.8662,0.0,-0.0012992219893321888,0.003804089396100885
2023-06-14,36.5686,39.4721,8.8249,0.0,0.0029245115227278795,-0.004658139902100067
2023-06-15,36.5686,39.5069,8.8681,0.0,0.0008816353829668166,0.004895239606114599
2023-06-16,36.5686,39.5691,8.855,0.0,0.0015744085210431802,-0.0014772048127558168
2023-06-17,36.5686,39.5691,8.855,0.0,0.0,0.0
2023-06-18,36.5686,39.5691,8.855,0.0,0.0,0.0
2023-06-19,36.5686,40.081,8.9655,0.0,0.012936862349661737,0.012478825522303838
2023-06-20,36.5686,39.9384,8.9616,0.0,-0.0035577954641851095,-0.00043500083654002264
2023-06-21,36.5686,39.964,8.9891,0.0,0.0006409871201649153,0.0030686484556328164
2023-06-22,36.5686,39.9494,9.0095,0.0,-0.00036532879591633094,0.002269415180607526
2023-06-23,36.5686,40.1852,9.0827,0.0,0.005902466620274716,0.008124757200732802
2023-06-24,36.5686,40.1852,9.0827,0.0,0.0,0.0
2023-06-25,36.5686,40.1852,9.0827,0.0,0.0,0.0
2023-06-26,36.5686,39.7738,8.9873,0.0,-0.010237599912405582,-0.010503484646636085
2023-06-27,36.5686,39.9238,8.9953,0.0,0.003771326853355683,0.0008901449823641716
2023-06-28,36.5686,40.0225,9.04,0.0,0.0024722095592102367,0.004969261725567664
2023-06-29,36.5686,40.0042,8.9425,0.0,-0.00045724280092451774,-0.010785398230088283
2023-06-30,36.5686,40.0006,8.9831,0.0,-8.999055099212505e-05,0.004540117416829803
2023-07-01,36.5686,40.0006,8.9831,0.0,0.0,0.0
2023-07-02,36.5686,40.0006,8.9831,0.0,0.0,0.0
2023-07-03,36.5686,39.6952,8.9436,0.0,-0.0076348854767178675,-0.004397145751466658
2023-07-04,36.5686,39.8543,8.9858,0.0,0.00400804127451182,0.004718457891676575
2023-07-05,36.5686,39.8543,9.0104,0.0,0.0,0.0027376527409914697
2023-07-06,36.5686,39.7848,8.9298,0.0,-0.0017438519808403719,-0.008945218858208315
2023-07-07,36.5686,39.8433,8.8975,0.0,0.00147041081015864,-0.0036171022867252933
2023-07-08,36.5686,39.8433,8.8975,0.0,0.0,0.0
2023-07-09,36.5686,39.8433,8.8975,0.0,0.0,0.0
2023-07-10,36.5686,39.8214,8.8884,0.0,-0.0005496532666722231,-0.0010227592020231047
2023-07-11,36.5686,40.0627,9.0008,0.0,0.006059555917170334,0.01264569551325323
2023-07-12,36.5686,40.167,9.0141,0.0,0.0026034191404973317,0.0014776464314283366
2023-07-13,36.5686,40.2803,9.0539,0.0,0.002820723479473042,0.004415304911194795
2023-07-14,36.5686,40.8581,9.2198,0.0,0.014344481049048952,0.01832359535669692
2023-07-15,36.5686,40.8581,9.2198,0.0,0.0,0.0
2023-07-16,36.5686,40.8581,9.2198,0.0,0.0,0.0
2023-07-17,36.5686,41.0483,9.2312,0.0,0.004655135701366442,0.0012364693377295843
2023-07-18,36.5686,41.0812,9.2329,0.0,0.0008014948243899589,0.00018415807262339712
2023-07-19,36.5686,41.1506,9.252,0.0,0.0016893372150763586,0.002068689144255842
2023-07-20,36.5686,41.0117,9.2147,0.0,-0.0033754064339280854,-0.004031560743622986
2023-07-21,36.5686,40.9897,9.2085,0.0,-0.0005364322863963267,-0.0006728379654248329
2023-07-22,36.5686,40.9897,9.2085,0.0,0.0,0.0
2023-07-23,36.5686,40.9897,9.2085,0.0,0.0,0.0
2023-07-24,36.5686,40.6643,9.1262,0.0,-0.007938579691971426,-0.008937394798284148
2023-07-25,36.5686,40.5838,9.1255,0.0,-0.0019796234043129024,-7.670224189693098e-05
2023-07-26,36.5686,40.4046,9.1289,0.0,-0.004415554975137681,0.00037258232425618765
2023-07-27,36.5686,40.4558,9.1497,0.0,0.0012671824495231743,0.002278478239437387
2023-07-28,36.5686,40.7228,9.1994,0.0,0.006599795332189684,0.00543187208323781
2023-07-29,36.5686,40.7228,9.1994,0.0,0.0,0.0
2023-07-30,36.5686,40.7228,9.1994,0.0,0.0,0.0
2023-07-31,36.5686,40.2584,9.12,0.0,-0.011403930967418652,-0.00863099767376152
2023-08-01,36.5686,40.3242,9.1566,0.0,0.0016344415078590746,0.004013157894736885
2023-08-02,36.5686,40.134,9.0682,0.0,-0.004716770574493712,-0.009654238472795562
2023-08-03,36.5686,40.145,9.0317,0.0,0.0002740818258832878,-0.004025054586356491
2023-08-04,36.5686,39.9914,8.9666,0.0,-0.003826130277743256,-0.007207945348052025
2023-08-05,36.5686,39.9914,8.9666,0.0,0.0,0.0
2023-08-06,36.5686,39.9914,8.9666,0.0,0.0,0.0
2023-08-07,36.5686,40.0024,8.9938,0.0,0.00027505913771475043,0.0030334798028239796
2023-08-08,36.5686,40.1633,9.0967,0.0,0.004022258664480027,0.011441215059263099
2023-08-09,36.5686,40.0134,9.0099,0.0,-0.003732263036154926,-0.009541921795816033
2023-08-10,36.5686,40.1194,8.9847,0.0,0.002649112547296717,-0.0027969233842772834
2023-08-11,36.5686,40.284,9.0315,0.0,0.0041027532814548184,0.005208855053590922
2023-08-12,36.5686,40.284,9.0315,0.0,0.0,0.0
2023-08-13,36.5686,40.284,9.0315,0.0,0.0,0.0
2023-08-14,36.5686,40.2145,9.0646,0.0,-0.0017252507198887157,0.003664950451198745
2023-08-15,36.5686,40.006,9.0239,0.0,-0.005184697062004973,-0.004489994042759848
2023-08-16,36.5686,39.9658,8.9044,0.0,-0.0010048492726090208,-0.013242611287802242
2023-08-17,36.5686,39.911,8.9642,0.0,-0.0013711723523612829,0.006715780962220919
2023-08-18,36.5686,39.8415,8.9074,0.0,-0.0017413745583924056,-0.006336315566363826
2023-08-19,36.5686,39.8415,8.9074,0.0,0.0,0.0
2023-08-20,36.5686,39.8415,8.9074,0.0,0.0,0.0
2023-08-21,36.5686,39.7245,8.8806,0.0,-0.0029366364218216257,-0.003008734310797956
2023-08-22,36.5686,39.889,8.9057,0.0,0.004141021284094215,0.0028263856045762648
2023-08-23,36.5686,39.8086,8.915,0.0,-0.0020155932713280533,0.0010442750148780267
2023-08-24,36.5686,39.5343,8.8289,0.0,-0.006890470903272106,-0.009657879977565731
2023-08-25,36.5686,39.655,8.8587,0.0,0.0030530450773125217,0.003375278913567925
2023-08-26,36.5686,39.655,8.8587,0.0,0.0,0.0
2023-08-27,36.5686,39.655,8.8587,0.0,0.0,0.0
2023-08-28,36.5686,39.5051,8.842,0.0,-0.0037801033917539417,-0.001885152449005001
2023-08-29,36.5686,39.516,8.8283,0.0,0.0002759137427825742,-0.0015494232074191316
2023-08-30,36.5686,39.516,8.8392,0.0,0.0,0.0012346657906958658
2023-08-31,36.5686,39.7903,8.8934,0.0,0.00694149205385175,0.006131776631369323
2023-09-01,36.5686,39.7391,8.8957,0.0,-0.0012867457646713598,0.00025861875098387443
2023-09-02,36.5686,39.7391,8.8957,0.0,0.0,0.0
2023-09-03,36.5686,39.7391,8.8957,0.0,0.0,0.0
2023-09-04,36.5686,39.6221,8.8662,0.0,-0.002944203567770698,-0.0033162089548883777
2023-09-05,36.5686,39.4977,8.8445,0.0,-0.003139661956332529,-0.002447497236696572
2023-09-06,36.5686,39.2527,8.7432,0.0,-0.00620289282667108,-0.011453445644185711
2023-09-07,36.5686,39.2856,8.7261,0.0,0.0008381589037187442,-0.0019558056546801206
2023-09-08,36.5686,39.1467,8.5335,0.0,-0.003535646649153845,-0.02207171588682233
2023-09-09,36.5686,39.1467,8.5335,0.0,0.0,0.0
2023-09-10,36.5686,39.1467,8.5335,0.0,0.0,0.0
2023-09-11,36.5686,39.1247,8.4663,0.0,-0.0005619886222850701,-0.007874846194410257
2023-09-12,36.5686,39.1979,8.4458,0.0,0.0018709408634443037,-0.002421364704770723
2023-09-13,36.5686,39.1906,8.405,0.0,-0.0001862344666422322,-0.004830803476284173
2023-09-14,36.5686,39.2674,8.4988,0.0,0.001959653590401844,0.011160023795359963
2023-09-15,36.5686,39.2381,8.4742,0.0,-0.0007461660308550888,-0.002894526286063903
2023-09-16,36.5686,39.2381,8.4742,0.0,0.0,0.0
2023-09-17,36.5686,39.2381,8.4742,0.0,0.0,0.0
2023-09-18,36.5686,38.9602,8.4043,0.0,-0.007082402053106618,-0.00824856623634096
2023-09-19,36.5686,38.9931,8.4052,0.0,0.0008444515171892597,0.00010708803826631197
2023-09-20,36.5686,39.154,8.4056,0.0,0.004126371075908519,4.758958739814467e-05
2023-09-21,36.5686,39.1394,8.4281,0.0,-0.000372886550544016,0.0026767869039687753
2023-09-22,36.5686,38.8944,8.4075,0.0,-0.006259676949570081,-0.002444204506353742
2023-09-23,36.5686,38.8944,8.4075,0.0,0.0,0.0
2023-09-24,36.5686,38.8944,8.4075,0.0,0.0,0.0
2023-09-25,36.5686,38.898,8.4624,0.0,9.255831173660134e-05,0.006529884032114186
2023-09-26,36.5686,38.8724,8.4714,0.0,-0.0006581315234717167,0.0010635280771411626
2023-09-27,36.5686,38.7609,8.4091,0.0,-0.0028683590413763893,-0.007354156337795237
2023-09-28,36.5686,38.5506,8.3429,0.0,-0.0054255706136853155,-0.007872423921703953
2023-09-29,36.5686,38.5543,8.3165,0.0,9.597775391290142e-05,-0.003164367306332405
2023-09-30,36.5686,38.5543,8.3165,0.0,0.0,0.0
2023-10-01,36.5686,38.5543,8.3165,0.0,0.0,0.0
2023-10-02,36.5686,38.7408,8.3704,0.0,0.004837333319499981,0.006481091805446981
2023-10-03,36.5686,38.5177,8.3526,0.0,-0.005758786602238497,-0.002126541144987004
2023-10-04,36.5901,38.3263,8.2871,0.0005879360981824178,-0.004969144055849473,-0.00784186959749067
2023-10-05,36.6023,38.4288,8.3021,0.00033342352166298994,0.0026744037384249797,0.0018100421136464373
2023-10-06,36.6216,38.5406,8.3708,0.000527289268707154,0.0029092763760512064,0.00827501475530279
2023-10-07,36.6216,38.5406,8.3708,0.0,0.0,0.0
2023-10-08,36.6216,38.5406,8.3708,0.0,0.0,0.0
2023-10-09,36.5827,38.6533,8.4106,-0.001062214649278026,0.0029241890370155232,0.004754623214029863
2023-10-10,36.5527,38.4827,8.4014,-0.0008200597550208633,-0.004413594699547052,-0.0010938577509332914
2023-10-11,36.5058,38.6049,8.4667,-0.0012830789517600527,0.003175452865833206,0.007772514104791961
2023-10-12,36.4385,38.6394,8.5554,-0.00184354266993203,0.0008936689383991503,0.010476336707335943
2023-10-13,36.3931,38.6422,8.5318,-0.0012459349314598578,7.246489334722384e-05,-0.002758491712836375
2023-10-14,36.3931,38.6422,8.5318,0.0,0.0,0.0
2023-10-15,36.3931,38.6422,8.5318,0.0,0.0,0.0
2023-10-16,36.3688,38.2782,8.4369,-0.0006677089887917598,-0.009419753533701614,-0.011123092430671222
2023-10-17,36.3297,38.2806,8.5546,-0.0010750973361781657,6.269887298770982e-05,0.013950621673837649
2023-10-18,36.4507,38.5503,8.7105,0.0033306082901867207,0.007045344116863417,0.018224113342529158
2023-10-19,36.5616,38.609,8.6923,0.0030424655767928854,0.0015226859453754127,-0.0020894322943574295
2023-10-20,36.6118,38.6511,8.6801,0.001373025250536175,0.001090419332280046,-0.0014035410650805602
2023-10-21,36.6118,38.6511,8.6801,0.0,0.0,0.0
2023-10-22,36.6118,38.6511,8.6801,0.0,0.0,0.0
2023-10-23,36.5401,38.7033,8.6674,-0.0019583850015568727,0.0013505437102694362,-0.0014631167843687232
2023-10-24,36.5569,38.7613,8.6964,0.0004597688566807534,0.0014985802244253943,0.003345870734014822
2023-10-25,36.579,38.9091,8.7174,0.0006045370367837588,0.0038130816045902627,0.002414792327859683
2023-10-26,36.5312,38.6171,8.6148,-0.0013067607096969303,-0.007504671143768515,-0.011769564319636494
2023-10-27,36.5082,38.4687,8.607,-0.0006295988086894022,-0.003842857179850445,-0.000905418581975348
2023-10-28,36.5082,38.4687,8.607,0.0,0.0,0.0
2023-10-29,36.5082,38.4687,8.607,0.0,0.0,0.0
2023-10-30,36.4216,38.3774,8.5746,-0.00237206983636562,-0.002373358080725252,-0.0037643778319971233
2023-10-31,36.3659,38.5624,8.653,-0.0015293122762315425,0.004820545425171963,0.009143283651715572
2023-11-01,36.2812,38.5451,8.6812,-0.0023291050132130398,-0.00044862352965580055,0.003258985323009389
2023-11-02,36.2655,38.2311,8.5627,-0.00043273100117957597,-0.008146301345696383,-0.013650186610146164
2023-11-03,36.2659,38.6703,8.6931,1.1029766582515421e-05,0.011488029379222775,0.015228841370128476
2023-11-04,36.2659,38.6703,8.6931,0.0,0.0,0.0
2023-11-05,36.2659,38.6703,8.6931,0.0,0.0,0.0
2023-11-06,36.1705,38.7278,8.7086,-0.002630570315365288,0.0014869292454418037,0.0017830233173437016
2023-11-07,36.0426,38.7206,8.6691,-0.0035360307432852345,-0.00018591296174852445,-0.00453574627379838
2023-11-08,36.0371,38.484,8.6265,-0.00015259720441918034,-0.006110442503473479,-0.004914004914004955
2023-11-09,36.0407,38.4518,8.6108,9.989705053947695e-05,-0.0008367113605655119,-0.0018199733379702376
2023-11-10,36.036,38.5225,8.6585,-0.00013040812192877116,0.0018386655501172466,0.0055395549774701625
2023-11-11,36.036,38.5225,8.6585,0.0,0.0,0.0
2023-11-12,36.036,38.5225,8.6585,0.0,0.0,0.0
2023-11-13,36.0779,38.542,8.7107,0.0011627261627260577,0.0005061976766824738,0.006028757867990953
2023-11-14,36.1609,38.5945,8.7175,0.0023005773617643666,0.001362150381402083,0.0007806490867554583
2023-11-15,36.3171,38.9392,8.8163,0.004319582753747886,0.008931324411509456,0.011333524519644422
2023-11-16,36.2643,39.3939,8.9612,-0.0014538605780749503,0.011677178781279496,0.01643546612524527
2023-11-17,36.2496,39.3054,8.9981,-0.0004053573348995476,-0.002246540708079281,0.004117752086774118
2023-11-18,36.2496,39.3054,8.9981,0.0,0.0,0.0
2023-11-19,36.2496,39.3054,8.9981,0.0,0.0,0.0
2023-11-20,36.1394,39.2582,8.9709,-0.0030400335451976623,-0.0012008528090287074,-0.0030228603816362387
2023-11-21,36.0496,39.3986,9.0144,-0.0024848226589263556,0.0035763229083349835,0.004849011804835657
2023-11-22,36.0453,39.466,9.0407,-0.00011928010296924363,0.0017107206855064838,0.002917554135605238
2023-11-23,36.0675,39.3352,9.0142,0.00061589166964926,-0.0033142451730603373,-0.002931188956607156
2023-11-24,36.0143,39.27,8.9957,-0.0014750121300340924,-0.0016575484553275066,-0.002052317454682706
2023-11-25,36.0143,39.27,8.9957,0.0,0.0,0.0
2023-11-26,36.0143,39.27,8.9957,0.0,0.0,0.0
2023-11-27,36.0487,39.358,9.0189,0.0009551761383672641,0.0022408963585431874,0.002579009971430901
2023-11-28,36.2173,39.6579,9.1033,0.004677006383031923,0.007619797753950941,0.00935812571377892
2023-11-29,36.3644,39.8172,9.1586,0.004061594873168373,0.004016854145075799,0.006074720156426627
2023-11-30,36.3752,39.9582,9.2239,0.0002969937631309705,0.003541183207257159,0.00712991068503932
2023-12-01,36.3535,39.7235,9.1384,-0.0005965602938265979,-0.005873637951659405,-0.009269397976994553
2023-12-02,36.3535,39.7235,9.1384,0.0,0.0,0.0
2023-12-03,36.3535,39.7235,9.1384,0.0,0.0,0.0
2023-12-04,36.4606,39.6582,9.1277,0.002946071217351909,-0.0016438632044004642,-0.0011708833056114365
2023-12-05,36.5383,39.7135,9.149,0.002131067508488682,0.0013944152785552166,0.0023335560984694137
2023-12-06,36.6618,39.6461,9.1661,0.00338001494322393,-0.0016971558789833363,0.0018690567275112535
2023-12-07,36.6906,39.5433,9.1139,0.0007855588105332156,-0.002592941045903463,-0.00569489750275487
2023-12-08,36.6722,39.496,9.1233,-0.0005014908450667876,-0.0011961571239628155,0.0010313916106168275
2023-12-09,36.6722,39.496,9.1233,0.0,0.0,0.0
2023-12-10,36.6722,39.496,9.1233,0.0,0.0,0.0
2023-12-11,36.7424,39.601,9.1451,0.001914256575826112,0.0026584970629937033,0.002389486260453877
2023-12-12,36.8716,39.6738,9.1611,0.00351637345410194,0.0018383374157218135,0.001749570808410983
2023-12-13,36.9861,39.9376,9.2008,0.0031053710715021055,0.00664922442518745,0.004333540732008201
2023-12-14,37.0245,39.9217,9.2261,0.0010382278747962381,-0.0003981210688674963,0.0027497608903575
2023-12-15,36.9913,40.413,9.376,-0.0008967035341462815,0.012306590150218844,0.01624738513564772
2023-12-16,36.9913,40.413,9.376,0.0,0.0,0.0
2023-12-17,36.9913,40.413,9.376,0.0,0.0,0.0
2023-12-18,37.0211,40.5122,9.3936,0.0008055948290541792,0.0024546556801030572,0.0018771331058020646
2023-12-19,37.1924,40.5918,9.3467,0.004627091037273434,0.001964840220970432,-0.004992761028785431
2023-12-20,37.3205,40.9219,9.4346,0.0034442520514945674,0.008132184332796388,0.00940438871473348
2023-12-21,37.5516,41.0664,9.4546,0.006192307177020684,0.0035311165903830766,0.002119856697687217
2023-12-22,37.5964,41.2846,9.5111,0.00119302506417851,0.005313346190559676,0.005975927061959485
2023-12-23,37.5964,41.2846,9.5111,0.0,0.0,0.0
2023-12-24,37.5964,41.2846,9.5111,0.0,0.0,0.0
2023-12-25,37.5525,41.3753,9.5279,-0.001167664989201067,0.00219694510786117,0.0017663572036883401
2023-12-26,37.5225,41.3611,9.5385,-0.0007988815658078741,-0.00034319992845976977,0.0011125221717271927
2023-12-27,37.3684,41.1538,9.4901,-0.004106869211806252,-0.005011955678161484,-0.005074173088011835
2023-12-28,37.6194,41.6334,9.6137,0.00671690519262258,0.011653844845433525,0.013024098797694394
2023-12-29,37.9824,42.2079,9.7333,0.00964927670297766,0.013799017135280867,0.012440579589544143
2023-12-30,37.9824,42.2079,9.7333,0.0,0.0,0.0
2023-12-31,37.9824,42.2079,9.7333,0.0,0.0,0.0
